# abbr_inter_2017_02.tsvのユーザ回答を集計したファイル
# 本tsvファイルの列名は以下の通り。ただし、この行のように、「#」で始める行はコメント行。
#語彙素ID	原言語側で２つの部分に分割できるカタカナ「語彙素」	当該語彙素の原言語側での表記（スペース区切り）	原言語側の分割に従って分割した語彙素の前部	語彙素原言語側表記での前部	語彙素前部中で原言語からの省略が起きて「いる」と回答したユーザ数	語彙素前部中で原言語からの省略が起きて「いない」と回答したユーザ数	原言語側の分割に従って分割した語彙素の後部	語彙素原言語側表記での後部	語彙素後部中で原言語からの省略が起きて「いる」と回答したユーザ数	語彙素後部中で原言語からの省略が起きて「いない」と回答したユーザ数
82	アイアイ	aye aye	アイ	aye	abbr:0	!abbr:100	アイ	aye	abbr:0	!abbr:100
279	アオザイ	ao dai	アオ	ao	abbr:2	!abbr:98	ザイ	dai	abbr:2	!abbr:98
883	アドリブ	ad lib	アド	ad	abbr:2	!abbr:97	リブ	lib	abbr:2	!abbr:97
1239	アルデンテ	al dente	アル	al	abbr:3	!abbr:196	デンテ	dente	abbr:3	!abbr:196
1263	アルミサッシ	aluminium sash	アルミ	aluminium	abbr:94	!abbr:6	サッシ	sash	abbr:0	!abbr:100
1265	アルミチューブ	aluminium tube	アルミ	aluminium	abbr:87	!abbr:13	チューブ	tube	abbr:0	!abbr:100
1267	アルミホイル	aluminium foil	アルミ	aluminium	abbr:261	!abbr:39	ホイル	foil	abbr:4	!abbr:296
1335	アングロサクソン	Anglo Saxon	アングロ	Anglo	abbr:3	!abbr:296	サクソン	Saxon	abbr:2	!abbr:297
1925	イズイット	is it	イズ	is	abbr:1	!abbr:98	イット	it	abbr:1	!abbr:98
3615	エアコン	air conditioner	エア	air	abbr:7	!abbr:91	コン	conditioner	abbr:97	!abbr:1
3920	エトセトラ	et cetra	エト	et	abbr:3	!abbr:196	セトラ	cetra	abbr:2	!abbr:197
5433	オンステージ	on stage	オン	on	abbr:0	!abbr:97	ステージ	stage	abbr:0	!abbr:97
5531	オートバイ	auto bicycle	オート	auto	abbr:3	!abbr:97	バイ	bicycle	abbr:98	!abbr:2
5558	オーライ	all right	オー	all	abbr:56	!abbr:44	ライ	right	abbr:61	!abbr:39
6758	カットオフ	cut off	カット	cut	abbr:4	!abbr:296	オフ	off	abbr:3	!abbr:297
8665	キックオフ	kick off	キック	kick	abbr:1	!abbr:99	オフ	off	abbr:1	!abbr:99
8915	キャンニュ	can you	キャン	can	abbr:0	!abbr:97	ニュ	you	abbr:20	!abbr:77
10773	グランプリ	grand prix	グラン	grand	abbr:56	!abbr:42	プリ	prix	abbr:54	!abbr:44
11217	ケミコン	chemical condenser	ケミ	chemical	abbr:298	!abbr:2	コン	condenser	abbr:296	!abbr:4
13851	サウジアラビア	Saudi Arabia	サウジ	Saudi	abbr:1	!abbr:99	アラビア	Arabia	abbr:1	!abbr:99
14548	サンクリストバル	San Cristobal	サン	San	abbr:0	!abbr:100	クリストバル	Cristobal	abbr:1	!abbr:99
14617	サンタクロース	Santa Claus	サンタ	Santa	abbr:0	!abbr:100	クロース	Claus	abbr:0	!abbr:100
14645	サントアンドレ	Santo Andre	サント	Santo	abbr:2	!abbr:98	アンドレ	Andre	abbr:1	!abbr:99
14650	サントドミンゴ	Santo Domingo	サント	Santo	abbr:0	!abbr:99	ドミンゴ	Domingo	abbr:0	!abbr:99
14671	サンパウロ	Sao Paulo	サン	Sao	abbr:2	!abbr:98	パウロ	Paulo	abbr:1	!abbr:99
14704	サンマリノ	San Marino	サン	San	abbr:4	!abbr:195	マリノ	Marino	abbr:1	!abbr:198
14998	シェムリアップ	Siem Reap	シェム	Siem	abbr:1	!abbr:99	リアップ	Reap	abbr:0	!abbr:100
15013	シエラネバダ	Sierra Nevada	シエラ	Sierra	abbr:4	!abbr:394	ネバダ	Nevada	abbr:3	!abbr:395
18853	ジーパン	jeans pants	ジー	jeans	abbr:99	!abbr:0	パン	pants	abbr:97	!abbr:2
19220	スタメン	starting member	スタ	starting	abbr:98	!abbr:2	メン	member	abbr:96	!abbr:4
19227	スタントマン	stunt man	スタント	stunt	abbr:0	!abbr:100	マン	man	abbr:0	!abbr:100
19229	スタンドオフ	stand off	スタンド	stand	abbr:0	!abbr:100	オフ	off	abbr:0	!abbr:100
19262	ステゴテキスト	stego text	ステゴ	stego	abbr:1	!abbr:99	テキスト	text	abbr:0	!abbr:100
19386	スフ	staple fibre	ス	staple	abbr:100	!abbr:0	フ	fibre	abbr:100	!abbr:0
19529	スリランカ	Sri Lanka	スリ	Sri	abbr:0	!abbr:97	ランカ	Lanka	abbr:0	!abbr:97
20134	セクハラ	sexual harassment	セク	sexual	abbr:300	!abbr:0	ハラ	harassment	abbr:300	!abbr:0
20362	セルフサービス	self service	セルフ	self	abbr:1	!abbr:96	サービス	service	abbr:1	!abbr:96
20747	ゼネスト	general strike	ゼネ	general	abbr:99	!abbr:1	スト	strike	abbr:99	!abbr:1
25650	デジャビュ	deja vu	デジャ	deja	abbr:1	!abbr:99	ビュ	vu	abbr:1	!abbr:99
27421	ドンムアン	Don Muang	ドン	Don	abbr:2	!abbr:95	ムアン	Muang	abbr:2	!abbr:95
28585	ニューオーリンズ	New Orleans	ニュー	New	abbr:0	!abbr:100	オーリンズ	Orleans	abbr:0	!abbr:100
28589	ニュージーランド	New Zealand	ニュー	New	abbr:0	!abbr:100	ジーランド	Zealand	abbr:1	!abbr:99
28712	ヌサドア	Nusa Dua	ヌサ	Nusa	abbr:3	!abbr:97	ドア	Dua	abbr:1	!abbr:99
29356	ハイカラ	high collar	ハイ	high	abbr:7	!abbr:93	カラ	collar	abbr:66	!abbr:34
29441	ハイテク	high technology	ハイ	high	abbr:5	!abbr:193	テク	technology	abbr:196	!abbr:2
30384	ハンスト	hunger strike	ハン	hunger	abbr:100	!abbr:0	スト	strike	abbr:100	!abbr:0
30953	パソコン	personal computer	パソ	personal	abbr:98	!abbr:0	コン	computer	abbr:98	!abbr:0
30983	パトカー	patrol car	パト	patrol	abbr:100	!abbr:0	カー	car	abbr:0	!abbr:100
31041	パロアルト	Palo Alto	パロ	Palo	abbr:4	!abbr:296	アルト	Alto	abbr:2	!abbr:298
32199	ピックアップ	pick up	ピック	pick	abbr:2	!abbr:98	アップ	up	abbr:3	!abbr:97
33371	ブックエンド	book end	ブック	book	abbr:0	!abbr:98	エンド	end	abbr:0	!abbr:98
33683	プエルトリコ	Puerto Rico	プエルト	Puerto	abbr:1	!abbr:199	リコ	Rico	abbr:0	!abbr:200
33811	プロレス	professional wrestling	プロ	professional	abbr:97	!abbr:3	レス	wrestling	abbr:99	!abbr:1
34099	ベア	base up	ベ	base	abbr:99	!abbr:1	ア	up	abbr:98	!abbr:2
34204	ベトナム	Viet Nam	ベト	Viet	abbr:7	!abbr:293	ナム	Nam	abbr:2	!abbr:298
34298	ペイアウト	pay out	ペイ	pay	abbr:1	!abbr:99	アウト	out	abbr:0	!abbr:100
35254	ボンジョビ	Bon Jovi	ボン	Bon	abbr:0	!abbr:100	ジョビ	Jovi	abbr:0	!abbr:100
35664	マザコン	mother complex	マザ	mother	abbr:89	!abbr:9	コン	complex	abbr:98	!abbr:0
37364	メガビット	mega bit	メガ	mega	abbr:0	!abbr:100	ビット	bit	abbr:0	!abbr:100
39774	ラマンチャ	La Mancha	ラ	La	abbr:0	!abbr:99	マンチャ	Mancha	abbr:0	!abbr:99
41397	ワークステーション	work station	ワーク	work	abbr:1	!abbr:98	ステーション	station	abbr:0	!abbr:99
41403	ワープロ	word processor	ワー	word	abbr:99	!abbr:1	プロ	processor	abbr:100	!abbr:0
41673	アルカイダ	al qaida	アル	al	abbr:1	!abbr:298	カイダ	qaida	abbr:1	!abbr:298
41776	アリウープ	alley oop	アリ	alley	abbr:13	!abbr:85	ウープ	oop	abbr:2	!abbr:96
41806	デュポン	Du Pont	デュ	Du	abbr:1	!abbr:199	ポン	Pont	abbr:17	!abbr:183
41981	アメフト	American football	アメ	American	abbr:100	!abbr:0	フト	football	abbr:100	!abbr:0
42174	タミルイーラム	tamil ilam	タミル	tamil	abbr:0	!abbr:97	イーラム	ilam	abbr:0	!abbr:97
42376	ペイオフ	pay off	ペイ	pay	abbr:2	!abbr:98	オフ	off	abbr:1	!abbr:99
43732	カットソー	cut sewn	カット	cut	abbr:2	!abbr:298	ソー	sewn	abbr:57	!abbr:243
43772	アルバローザ	Alba Rosa	アルバ	Alba	abbr:1	!abbr:298	ローザ	Rosa	abbr:1	!abbr:298
43988	ダイキャスト	die cast	ダイ	die	abbr:1	!abbr:99	キャスト	cast	abbr:1	!abbr:99
44003	アメフェス	American festival	アメ	American	abbr:100	!abbr:0	フェス	festival	abbr:100	!abbr:0
44162	アルファロメオ	Alfa Romeo	アルファ	Alfa	abbr:2	!abbr:198	ロメオ	Romeo	abbr:0	!abbr:200
44238	ミルトンキーンズ	Milton Keynes	ミルトン	Milton	abbr:0	!abbr:199	キーンズ	Keynes	abbr:0	!abbr:199
44263	スタジャン	stadium jumper	スタ	stadium	abbr:100	!abbr:0	ジャン	jumper	abbr:100	!abbr:0
45178	カシュクール	cache coeur	カシュ	cache	abbr:1	!abbr:98	クール	coeur	abbr:1	!abbr:98
45421	アメコミ	American comic	アメ	American	abbr:98	!abbr:2	コミ	comic	abbr:97	!abbr:3
45515	ドンキホーテ	Don Quijote	ドン	Don	abbr:0	!abbr:200	キホーテ	Quijote	abbr:3	!abbr:197
45906	ゼタジョーンズ	Zeta Jones	ゼタ	Zeta	abbr:1	!abbr:99	ジョーンズ	Jones	abbr:1	!abbr:99
48458	オーエス	oh hisse	オー	oh	abbr:2	!abbr:98	エス	hisse	abbr:11	!abbr:89
82528	アフレコ	after recording	アフ	after	abbr:291	!abbr:4	レコ	recording	abbr:294	!abbr:1
83298	セットアップ	set up	セット	set	abbr:1	!abbr:99	アップ	up	abbr:1	!abbr:99
83307	セメンシナ	semen cinae	セメン	semen	abbr:2	!abbr:98	シナ	cinae	abbr:7	!abbr:93
83682	ハイファイ	hi fi	ハイ	hi	abbr:2	!abbr:198	ファイ	fi	abbr:5	!abbr:195
83756	バリコン	variable condenser	バリ	variable	abbr:100	!abbr:0	コン	condenser	abbr:100	!abbr:0
86058	フリーランサー	free lancer	フリー	free	abbr:2	!abbr:198	ランサー	lancer	abbr:1	!abbr:199
86066	プチブル	petit bourgeois	プチ	petit	abbr:13	!abbr:87	ブル	bourgeois	abbr:99	!abbr:1
86076	ブレークアウト	break out	ブレーク	break	abbr:1	!abbr:99	アウト	out	abbr:1	!abbr:99
86512	ホールドアウト	hold out	ホールド	hold	abbr:1	!abbr:198	アウト	out	abbr:1	!abbr:198
86513	ホールドアップ	hold up	ホールド	hold	abbr:0	!abbr:100	アップ	up	abbr:0	!abbr:100
86974	レイオフ	lay off	レイ	lay	abbr:3	!abbr:97	オフ	off	abbr:1	!abbr:99
87021	ロックアウト	lock out	ロック	lock	abbr:0	!abbr:100	アウト	out	abbr:1	!abbr:99
88229	エルサルバドル	El Salvador	エル	El	abbr:2	!abbr:98	サルバドル	Salvador	abbr:1	!abbr:99
88510	ギガビット	giga bit	ギガ	giga	abbr:2	!abbr:198	ビット	bit	abbr:2	!abbr:198
88520	グランゼコール	grandes ecoles	グランゼ	grandes	abbr:12	!abbr:186	コール	ecoles	abbr:23	!abbr:175
88531	サンノゼ	San Jose	サン	San	abbr:2	!abbr:98	ノゼ	Jose	abbr:5	!abbr:95
88553	セントビンセント	Saint Vincent	セント	Saint	abbr:3	!abbr:197	ビンセント	Vincent	abbr:2	!abbr:198
88691	カーボベルデ	Cabo Verde	カーボ	Cabo	abbr:2	!abbr:196	ベルデ	Verde	abbr:2	!abbr:196
88743	チェコスロバキア	Czecho Slovakia	チェコ	Czecho	abbr:0	!abbr:100	スロバキア	Slovakia	abbr:0	!abbr:100
88764	ラマンシュ	La Manche	ラ	La	abbr:0	!abbr:100	マンシュ	Manche	abbr:0	!abbr:100
93171	ウォントゥ	want to	ウォン	want	abbr:17	!abbr:83	トゥ	to	abbr:0	!abbr:100
93310	プロパテント	pro patent	プロ	pro	abbr:5	!abbr:194	パテント	patent	abbr:2	!abbr:197
93476	エルバラダイ	al Baradai	エル	al	abbr:1	!abbr:99	バラダイ	Baradai	abbr:1	!abbr:99
93675	サンサルバドル	San Salvador	サン	San	abbr:0	!abbr:99	サルバドル	Salvador	abbr:0	!abbr:99
93684	アブサヤフ	Abu Sayyaf	アブ	Abu	abbr:3	!abbr:97	サヤフ	Sayyaf	abbr:1	!abbr:99
93914	コメディカル	co medical	コ	co	abbr:2	!abbr:98	メディカル	medical	abbr:1	!abbr:99
94296	オルティンドー	urtin duu	オルティン	urtin	abbr:4	!abbr:194	ドー	duu	abbr:3	!abbr:195
94306	ギャスディン	Ghiyas Uddin	ギャス	Ghiyas	abbr:0	!abbr:100	ディン	Uddin	abbr:10	!abbr:90
94322	クロマニョン	Cro Magnon	クロ	Cro	abbr:1	!abbr:99	マニョン	Magnon	abbr:1	!abbr:99
94355	ギニアビサウ	Guinea Bissau	ギニア	Guinea	abbr:1	!abbr:297	ビサウ	Bissau	abbr:1	!abbr:297
94357	コスタリカ	Costa Rica	コスタ	Costa	abbr:1	!abbr:99	リカ	Rica	abbr:1	!abbr:99
94361	シエラレオネ	Sierra Leone	シエラ	Sierra	abbr:1	!abbr:99	レオネ	Leone	abbr:1	!abbr:99
94371	ブルキナファソ	Burkina Faso	ブルキナ	Burkina	abbr:1	!abbr:99	ファソ	Faso	abbr:1	!abbr:99
94372	ブルネイダルサラーム	Brunei Darussalam	ブルネイ	Brunei	abbr:4	!abbr:293	ダルサラーム	Darussalam	abbr:4	!abbr:293
94590	レビヤヒヘド	Revilla Gigedo	レビヤ	Revilla	abbr:2	!abbr:98	ヒヘド	Gigedo	abbr:2	!abbr:98
94746	サンピエトロ	San Pietro	サン	San	abbr:2	!abbr:198	ピエトロ	Pietro	abbr:1	!abbr:199
95093	アプリオリ	a priori	ア	a	abbr:1	!abbr:97	プリオリ	priori	abbr:1	!abbr:97
95597	シュリービジャヤ	Sri Vijaya	シュリー	Sri	abbr:3	!abbr:95	ビジャヤ	Vijaya	abbr:1	!abbr:97
96376	フリマ	flea market	フリ	flea	abbr:123	!abbr:77	マ	market	abbr:196	!abbr:4
96513	ブギウギ	boogie woogie	ブギ	boogie	abbr:19	!abbr:81	ウギ	woogie	abbr:20	!abbr:80
96561	プンタアレナス	Punta Arenas	プンタ	Punta	abbr:3	!abbr:197	アレナス	Arenas	abbr:1	!abbr:199
96580	プレアニミズム	pre animism	プレ	pre	abbr:5	!abbr:93	アニミズム	animism	abbr:1	!abbr:97
96692	セルフメディケーション	self medication	セルフ	self	abbr:0	!abbr:100	メディケーション	medication	abbr:2	!abbr:98
97273	ダライラマ	Dalai Lama	ダライ	Dalai	abbr:0	!abbr:99	ラマ	Lama	abbr:0	!abbr:99
97370	ノースヨーク	North York	ノース	North	abbr:2	!abbr:197	ヨーク	York	abbr:2	!abbr:197
97621	ラアーグ	La Hague	ラ	La	abbr:2	!abbr:98	アーグ	Hague	abbr:5	!abbr:95
97654	エコファーマー	eco farmer	エコ	eco	abbr:3	!abbr:97	ファーマー	farmer	abbr:0	!abbr:100
97851	パンタカバー	pantograph cover	パンタ	pantograph	abbr:98	!abbr:2	カバー	cover	abbr:1	!abbr:99
98642	シーテック	C TECH	シー	C	abbr:3	!abbr:96	テック	TECH	abbr:2	!abbr:97
99067	グッデー	good day	グッ	good	abbr:95	!abbr:102	デー	day	abbr:10	!abbr:187
100026	インビボ	in vivo	イン	in	abbr:0	!abbr:100	ビボ	vivo	abbr:1	!abbr:99
100257	サンタカランタ	Santa Lucia	サンタ	Santa	abbr:3	!abbr:97	カランタ	Lucia	abbr:16	!abbr:84
100258	サンテグジュペリ	Saint Exupery	サンテ	Saint	abbr:10	!abbr:190	グジュペリ	Exupery	abbr:10	!abbr:190
100263	シャングリラ	Shangri La	シャングリ	Shangri	abbr:1	!abbr:99	ラ	La	abbr:1	!abbr:99
100408	ビラノバ	Villa Nova	ビラ	Villa	abbr:1	!abbr:99	ノバ	Nova	abbr:2	!abbr:98
101480	イリアンジャヤ	Irian Jaya	イリアン	Irian	abbr:1	!abbr:99	ジャヤ	Jaya	abbr:0	!abbr:100
101536	オンエアー	on air	オン	on	abbr:1	!abbr:99	エアー	air	abbr:0	!abbr:100
101955	フリペ	free paper	フリ	free	abbr:72	!abbr:27	ペ	paper	abbr:97	!abbr:2
102036	ホンゲイ	Hon Gai	ホン	Hon	abbr:6	!abbr:194	ゲイ	Gai	abbr:4	!abbr:196
102049	ポビドンヨード	povidon iodine	ポビドン	povidon	abbr:1	!abbr:99	ヨード	iodine	abbr:13	!abbr:87
102057	マイクロシーベルト	micro Sievert	マイクロ	micro	abbr:1	!abbr:97	シーベルト	Sievert	abbr:1	!abbr:97
114912	アドホック	ad hoc	アド	ad	abbr:4	!abbr:96	ホック	hoc	abbr:2	!abbr:98
115289	キャバクラ	cabaret club	キャバ	cabaret	abbr:99	!abbr:1	クラ	club	abbr:87	!abbr:13
115302	キャンギャル	campaign girl	キャン	campaign	abbr:99	!abbr:1	ギャル	girl	abbr:35	!abbr:65
115780	サンステファノ	San Stefano	サン	San	abbr:2	!abbr:95	ステファノ	Stefano	abbr:0	!abbr:97
116274	タクラマカン	Takla Makan	タクラ	Takla	abbr:2	!abbr:98	マカン	Makan	abbr:1	!abbr:99
117344	ダンブランシュ	Dent Blanche	ダン	Dent	abbr:12	!abbr:88	ブランシュ	Blanche	abbr:0	!abbr:100
117373	ブルーマウンテン	Blue Mountain	ブルー	Blue	abbr:0	!abbr:100	マウンテン	Mountain	abbr:0	!abbr:100
117978	ミトー	My Tho	ミ	My	abbr:22	!abbr:78	トー	Tho	abbr:7	!abbr:93
120141	アルアクサ	Al Aqsa	アル	Al	abbr:2	!abbr:198	アクサ	Aqsa	abbr:1	!abbr:199
120194	コーンビーフ	corned beef	コーン	corned	abbr:45	!abbr:55	ビーフ	beef	abbr:0	!abbr:100
120834	スパコン	super computer	スパ	super	abbr:190	!abbr:9	コン	computer	abbr:199	!abbr:0
132937	ゲネプロ	general probe	ゲネ	general	abbr:196	!abbr:4	プロ	probe	abbr:193	!abbr:7
135306	レガーズ	leg guards	レ	leg	abbr:34	!abbr:65	ガーズ	guards	abbr:3	!abbr:96
135550	タミルナド	Tamil Nadu	タミル	Tamil	abbr:0	!abbr:97	ナド	Nadu	abbr:0	!abbr:97
135992	サンドニ	Saint Denis	サン	Saint	abbr:39	!abbr:61	ドニ	Denis	abbr:46	!abbr:54
136010	スーサイドクリフ	Suicide Cliff	スーサイド	Suicide	abbr:0	!abbr:100	クリフ	Cliff	abbr:0	!abbr:100
136108	サンタバーバラ	Santa Barbara	サンタ	Santa	abbr:1	!abbr:99	バーバラ	Barbara	abbr:0	!abbr:100
136124	バンザイクリフ	banzai cliff	バンザイ	banzai	abbr:1	!abbr:498	クリフ	cliff	abbr:2	!abbr:497
136326	フォートワース	Fort Worth	フォート	Fort	abbr:1	!abbr:395	ワース	Worth	abbr:2	!abbr:394
137780	ドビルパン	de Villepin	ド	de	abbr:0	!abbr:99	ビルパン	Villepin	abbr:0	!abbr:99
137785	キティホーク	Kitty Hawk	キティ	Kitty	abbr:1	!abbr:196	ホーク	Hawk	abbr:2	!abbr:195
137867	プロムジカ	pro musica	プロ	pro	abbr:2	!abbr:98	ムジカ	musica	abbr:1	!abbr:99
138120	サウスカロライナ	South Carolina	サウス	South	abbr:0	!abbr:100	カロライナ	Carolina	abbr:0	!abbr:100
138166	スリーマイル	Three Mile	スリー	Three	abbr:0	!abbr:98	マイル	Mile	abbr:0	!abbr:98
138943	コスプレ	costume play	コス	costume	abbr:299	!abbr:1	プレ	play	abbr:277	!abbr:23
138959	アカハラ	academic harassment	アカ	academic	abbr:299	!abbr:1	ハラ	harassment	abbr:300	!abbr:0
139050	デフレスパイラル	deflation spiral	デフレ	deflation	abbr:189	!abbr:11	スパイラル	spiral	abbr:4	!abbr:196
139530	ガドガド	gado gado	ガド	gado	abbr:5	!abbr:293	ガド	gado	abbr:5	!abbr:293
139586	グヌンアグン	Gunung Agung	グヌン	Gunung	abbr:3	!abbr:97	アグン	Agung	abbr:2	!abbr:98
139674	テークアウト	take out	テーク	take	abbr:1	!abbr:99	アウト	out	abbr:1	!abbr:99
140225	バリアガ	Bali Aga	バリ	Bali	abbr:2	!abbr:98	アガ	Aga	abbr:1	!abbr:99
140240	プラダーレム	Pura Dalem	プラ	Pura	abbr:7	!abbr:189	ダーレム	Dalem	abbr:2	!abbr:194
140289	デンハーグ	Den Haag	デン	Den	abbr:1	!abbr:198	ハーグ	Haag	abbr:0	!abbr:199
140321	ローテク	low technology	ロー	low	abbr:1	!abbr:299	テク	technology	abbr:299	!abbr:1
140330	ワンレン	one length	ワン	one	abbr:2	!abbr:98	レン	length	abbr:90	!abbr:10
141705	イエッサー	yes sir	イエッ	yes	abbr:31	!abbr:69	サー	sir	abbr:2	!abbr:98
141878	エンスト	engine stop	エン	engine	abbr:391	!abbr:4	スト	stop	abbr:378	!abbr:17
142242	ビニタイル	vinyl tile	ビニ	vinyl	abbr:156	!abbr:44	タイル	tile	abbr:2	!abbr:198
142265	ボディコン	body conscious	ボディ	body	abbr:2	!abbr:98	コン	conscious	abbr:97	!abbr:3
142563	ヘイワーズヒース	Haywards Heath	ヘイワーズ	Haywards	abbr:0	!abbr:100	ヒース	Heath	abbr:2	!abbr:98
143513	シスオペ	system operator	シス	system	abbr:98	!abbr:1	オペ	operator	abbr:98	!abbr:1
144340	ブリンマー	Bryn Mawr	ブリン	Bryn	abbr:3	!abbr:197	マー	Mawr	abbr:15	!abbr:185
145826	ハイソ	high society	ハイ	high	abbr:4	!abbr:96	ソ	society	abbr:98	!abbr:2
145927	メンロパーク	Menlo Park	メンロ	Menlo	abbr:5	!abbr:295	パーク	Park	abbr:1	!abbr:299
146788	コタバル	Kota Bharu	コタ	Kota	abbr:5	!abbr:195	バル	Bharu	abbr:5	!abbr:195
146889	ストウハ	straw hat	ストウ	straw	abbr:22	!abbr:78	ハ	hat	abbr:69	!abbr:31
147022	トレパン	training pants	トレ	training	abbr:396	!abbr:4	パン	pants	abbr:380	!abbr:20
148108	コイレシリア	Coele Syria	コイレ	Coele	abbr:0	!abbr:97	シリア	Syria	abbr:0	!abbr:97
148495	ゲッツー	get two	ゲッ	get	abbr:38	!abbr:59	ツー	two	abbr:1	!abbr:96
148619	サンペドロ	San Pedro	サン	San	abbr:1	!abbr:98	ペドロ	Pedro	abbr:1	!abbr:98
149235	サンパブロ	San Pablo	サン	San	abbr:1	!abbr:98	パブロ	Pablo	abbr:1	!abbr:98
149328	カルチエラタン	Quartier latin	カルチエ	Quartier	abbr:4	!abbr:96	ラタン	latin	abbr:0	!abbr:100
149472	アンアン	an an	アン	an	abbr:1	!abbr:99	アン	an	abbr:1	!abbr:99
149474	ノンノ	non no	ノン	non	abbr:0	!abbr:97	ノ	no	abbr:0	!abbr:97
149531	クイニョン	Qui Nhon	クイ	Qui	abbr:0	!abbr:100	ニョン	Nhon	abbr:0	!abbr:100
149557	バイアウト	buy out	バイ	buy	abbr:2	!abbr:198	アウト	out	abbr:2	!abbr:198
149592	ポンヌフ	Pont Neuf	ポン	Pont	abbr:11	!abbr:89	ヌフ	Neuf	abbr:2	!abbr:98
149661	ラファイエット	La Fayette	ラ	La	abbr:1	!abbr:198	ファイエット	Fayette	abbr:1	!abbr:198
149732	カムデンタウン	Camden Town	カムデン	Camden	abbr:3	!abbr:97	タウン	Town	abbr:2	!abbr:98
150832	シャトーティエリ	Chateau Thierry	シャトー	Chateau	abbr:8	!abbr:192	ティエリ	Thierry	abbr:4	!abbr:196
151553	エルレノ	El Reno	エル	El	abbr:2	!abbr:98	レノ	Reno	abbr:3	!abbr:97
151568	サントロペ	Saint Tropez	サン	Saint	abbr:15	!abbr:85	トロペ	Tropez	abbr:4	!abbr:96
151683	コベントガーデン	Covent Garden	コベント	Covent	abbr:1	!abbr:96	ガーデン	Garden	abbr:1	!abbr:96
151740	パームスプリングス	Palm Springs	パーム	Palm	abbr:1	!abbr:199	スプリングス	Springs	abbr:1	!abbr:199
151887	ルピュイ	Le Puy	ル	Le	abbr:3	!abbr:97	ピュイ	Puy	abbr:5	!abbr:95
152388	シーダークリフ	Cedar Cliff	シーダー	Cedar	abbr:2	!abbr:97	クリフ	Cliff	abbr:2	!abbr:97
152392	ラフォーレ	La foret	ラ	La	abbr:0	!abbr:99	フォーレ	foret	abbr:7	!abbr:92
152401	ジュニパーヒル	Juniper Hill	ジュニパー	Juniper	abbr:0	!abbr:99	ヒル	Hill	abbr:0	!abbr:99
152605	チープロ	chief producer	チー	chief	abbr:94	!abbr:6	プロ	producer	abbr:98	!abbr:2
152644	サンマルツァーノ	San Marzano	サン	San	abbr:1	!abbr:99	マルツァーノ	Marzano	abbr:0	!abbr:100
152695	デニーロ	De Niro	デ	De	abbr:1	!abbr:99	ニーロ	Niro	abbr:0	!abbr:100
152703	デハビランド	de Havilland	デ	de	abbr:2	!abbr:98	ハビランド	Havilland	abbr:2	!abbr:98
152708	カムデンヤード	Cameden yards	カムデン	Cameden	abbr:0	!abbr:100	ヤード	yards	abbr:2	!abbr:98
152955	マハーパジャーパティー	Maha Prajapati	マハー	Maha	abbr:2	!abbr:98	パジャーパティー	Prajapati	abbr:1	!abbr:99
153480	ヌアヌパリ	Nuuanu Pali	ヌアヌ	Nuuanu	abbr:2	!abbr:98	パリ	Pali	abbr:1	!abbr:99
153522	ロスアラモス	Los Alamos	ロス	Los	abbr:2	!abbr:96	アラモス	Alamos	abbr:1	!abbr:97
154550	エルタヒン	El Tajin	エル	El	abbr:3	!abbr:197	タヒン	Tajin	abbr:2	!abbr:198
154554	アンナーバー	Ann Arbor	アン	Ann	abbr:1	!abbr:99	ナーバー	Arbor	abbr:1	!abbr:99
154807	サンテティエンヌ	Saint Etienne	サンテ	Saint	abbr:5	!abbr:195	ティエンヌ	Etienne	abbr:8	!abbr:192
154953	チェチェンイッツア	Chichen Itza	チェチェン	Chichen	abbr:2	!abbr:98	イッツア	Itza	abbr:1	!abbr:99
154997	クロカン	ross country	クロ	ross	abbr:93	!abbr:5	カン	country	abbr:97	!abbr:1
155155	リトルノートン	Little Norton	リトル	Little	abbr:1	!abbr:99	ノートン	Norton	abbr:1	!abbr:99
155350	タンザン	Tan Zam	タン	Tan	abbr:2	!abbr:296	ザン	Zam	abbr:2	!abbr:296
155787	エルパソ	El Paso	エル	El	abbr:13	!abbr:386	パソ	Paso	abbr:11	!abbr:388
156094	シネコン	cinema complex	シネ	cinema	abbr:97	!abbr:3	コン	complex	abbr:99	!abbr:1
156290	クオイティオ	kuoi tiao	クオイ	kuoi	abbr:3	!abbr:95	ティオ	tiao	abbr:3	!abbr:95
156404	イメクラ	image club	イメ	image	abbr:100	!abbr:0	クラ	club	abbr:100	!abbr:0
156794	カンポンチャム	Kampong Cham	カンポン	Kampong	abbr:4	!abbr:95	チャム	Cham	abbr:1	!abbr:98
156924	ノースキャロライナ	North Carolina	ノース	North	abbr:1	!abbr:197	キャロライナ	Carolina	abbr:1	!abbr:197
156964	カレザリ	Qaleh Zari	カレ	Qaleh	abbr:2	!abbr:96	ザリ	Zari	abbr:2	!abbr:96
157046	クラマスホール	Klamath Falls	クラマス	Klamath	abbr:1	!abbr:99	ホール	Falls	abbr:8	!abbr:92
157192	オメガトライブ	Omega Tribe	オメガ	Omega	abbr:0	!abbr:199	トライブ	Tribe	abbr:0	!abbr:199
157206	オーラス	all last	オー	all	abbr:76	!abbr:24	ラス	last	abbr:88	!abbr:12
157427	カステリオーネオローナ	Castiglione Olona	カステリオーネ	Castiglione	abbr:1	!abbr:99	オローナ	Olona	abbr:1	!abbr:99
157866	ノバスコシア	Nova Scotia	ノバ	Nova	abbr:0	!abbr:100	スコシア	Scotia	abbr:1	!abbr:99
157877	サンマンデ	Saint Mande	サン	Saint	abbr:32	!abbr:67	マンデ	Mande	abbr:1	!abbr:98
158178	クンツバー	Kuentz Bas	クンツ	Kuentz	abbr:16	!abbr:681	バー	Bas	abbr:92	!abbr:605
158277	ベラクーラ	Bella Coola	ベラ	Bella	abbr:2	!abbr:98	クーラ	Coola	abbr:0	!abbr:100
158691	ラスボス	last boss	ラス	last	abbr:180	!abbr:18	ボス	boss	abbr:10	!abbr:188
159180	ボサノバ	bossa nova	ボサ	bossa	abbr:8	!abbr:289	ノバ	nova	abbr:3	!abbr:294
159890	アルミパネル	aluminium panel	アルミ	aluminium	abbr:168	!abbr:31	パネル	panel	abbr:0	!abbr:199
160003	デトマソ	De Tomaso	デ	De	abbr:3	!abbr:96	トマソ	Tomaso	abbr:3	!abbr:96
160153	カメリハ	camera rehearsal	カメ	camera	abbr:100	!abbr:0	リハ	rehearsal	abbr:100	!abbr:0
160513	ロープロ	low profile	ロー	low	abbr:7	!abbr:490	プロ	profile	abbr:487	!abbr:10
160661	ダパンプ	DA PUMP	ダ	DA	abbr:1	!abbr:197	パンプ	PUMP	abbr:1	!abbr:197
160669	ベトミン	Viet Minh	ベト	Viet	abbr:9	!abbr:190	ミン	Minh	abbr:6	!abbr:193
161780	ピンサロ	pink salon	ピン	pink	abbr:188	!abbr:12	サロ	salon	abbr:189	!abbr:11
161891	ソンバオプ	Somba Opu	ソンバ	Somba	abbr:2	!abbr:98	オプ	Opu	abbr:2	!abbr:98
161963	トメアス	Tome Acu	トメ	Tome	abbr:2	!abbr:98	アス	Acu	abbr:2	!abbr:98
161991	ハワイロア	Hawaii Loa	ハワイ	Hawaii	abbr:3	!abbr:197	ロア	Loa	abbr:3	!abbr:197
163110	フンイエン	Hung Yen	フン	Hung	abbr:4	!abbr:294	イエン	Yen	abbr:2	!abbr:296
163773	マリアガランテ	Maria Galante	マリア	Maria	abbr:1	!abbr:99	ガランテ	Galante	abbr:0	!abbr:100
164304	ペーパーレス	paper less	ペーパー	paper	abbr:1	!abbr:99	レス	less	abbr:1	!abbr:99
164379	モガ	modern girl	モ	modern	abbr:100	!abbr:0	ガ	girl	abbr:100	!abbr:0
164637	ビージーズ	Bee Gees	ビー	Bee	abbr:1	!abbr:99	ジーズ	Gees	abbr:0	!abbr:100
165061	ピールパンジャル	Pir Panjal	ピール	Pir	abbr:2	!abbr:98	パンジャル	Panjal	abbr:1	!abbr:99
165740	ニュートラ	new traditional	ニュー	new	abbr:1	!abbr:96	トラ	traditional	abbr:96	!abbr:1
165776	シルスマリア	Sils Maria	シルス	Sils	abbr:0	!abbr:97	マリア	Maria	abbr:0	!abbr:97
166033	エルドラド	El Dorado	エル	El	abbr:1	!abbr:394	ドラド	Dorado	abbr:2	!abbr:393
166553	シンフェイン	Sinn Fein	シン	Sinn	abbr:1	!abbr:99	フェイン	Fein	abbr:2	!abbr:98
166748	エアロパーツ	aero parts	エアロ	aero	abbr:3	!abbr:97	パーツ	parts	abbr:1	!abbr:99
167067	ブレトンウッズ	Bretton Woods	ブレトン	Bretton	abbr:2	!abbr:98	ウッズ	Woods	abbr:1	!abbr:99
167068	ベンチェ	Ben Tre	ベン	Ben	abbr:1	!abbr:99	チェ	Tre	abbr:2	!abbr:98
168002	ダーデリアン	Der Derian	ダー	Der	abbr:0	!abbr:100	デリアン	Derian	abbr:0	!abbr:100
168682	プラマイ	plus minus	プラ	plus	abbr:192	!abbr:8	マイ	minus	abbr:196	!abbr:4
169411	ミナハン	Mina han	ミナ	Mina	abbr:1	!abbr:97	ハン	han	abbr:2	!abbr:96
169638	サンティッシマアンヌンツィアータ	Santissima Annunziata	サンティッシマ	Santissima	abbr:2	!abbr:196	アンヌンツィアータ	Annunziata	abbr:2	!abbr:196
169949	パゴパゴ	Pago Pago	パゴ	Pago	abbr:3	!abbr:97	パゴ	Pago	abbr:3	!abbr:97
170482	レクトトーン	rect tone	レクト	rect	abbr:9	!abbr:386	トーン	tone	abbr:3	!abbr:392
170931	プロファイ	project finance	プロ	project	abbr:98	!abbr:1	ファイ	finance	abbr:97	!abbr:2
171002	ルトロネ	Le Thoronet	ル	Le	abbr:2	!abbr:198	トロネ	Thoronet	abbr:22	!abbr:178
171125	タンロン	Thang Long	タン	Thang	abbr:14	!abbr:86	ロン	Long	abbr:20	!abbr:80
171939	カムラン	Cam Ranh	カム	Cam	abbr:4	!abbr:94	ラン	Ranh	abbr:3	!abbr:95
172097	サンローラン	Saint Laurent	サン	Saint	abbr:17	!abbr:83	ローラン	Laurent	abbr:7	!abbr:93
172374	サンタフェ	Santa Fe	サンタ	Santa	abbr:0	!abbr:100	フェ	Fe	abbr:1	!abbr:99
172444	ラモ	Lha Mo	ラ	Lha	abbr:0	!abbr:100	モ	Mo	abbr:0	!abbr:100
172705	デイトレ	day trade	デイ	day	abbr:2	!abbr:98	トレ	trade	abbr:95	!abbr:5
172987	チャウリチャウラ	Chauri Chaura	チャウリ	Chauri	abbr:2	!abbr:197	チャウラ	Chaura	abbr:1	!abbr:198
173744	ラブコメ	love comedy	ラブ	love	abbr:2	!abbr:98	コメ	comedy	abbr:98	!abbr:2
174567	バードゴーデスベルク	Bad Godesberg	バード	Bad	abbr:3	!abbr:197	ゴーデスベルク	Godesberg	abbr:2	!abbr:198
174664	リューネブルガーハイデ	Luneburger Heide	リューネブルガー	Luneburger	abbr:1	!abbr:99	ハイデ	Heide	abbr:1	!abbr:99
175601	エンプラ	engineering plastic	エン	engineering	abbr:100	!abbr:0	プラ	plastic	abbr:100	!abbr:0
175663	ハメリンプール	Hamelin Pool	ハメリン	Hamelin	abbr:1	!abbr:199	プール	Pool	abbr:0	!abbr:200
176176	ハドリン	Had Rin	ハド	Had	abbr:3	!abbr:97	リン	Rin	abbr:2	!abbr:98
176758	ロードアイランド	Rhode Island	ロード	Rhode	abbr:0	!abbr:100	アイランド	Island	abbr:0	!abbr:100
176871	モロベイ	Morro bay	モロ	Morro	abbr:1	!abbr:96	ベイ	bay	abbr:0	!abbr:97
176924	ケープコッド	Cape Cod	ケープ	Cape	abbr:0	!abbr:100	コッド	Cod	abbr:1	!abbr:99
177121	レアール	Les Halles	レ	Les	abbr:17	!abbr:83	アール	Halles	abbr:18	!abbr:82
177292	ロスロケス	Los Roques	ロス	Los	abbr:3	!abbr:97	ロケス	Roques	abbr:1	!abbr:99
177905	サンスーシー	san ssouci	サン	san	abbr:3	!abbr:97	スーシー	ssouci	abbr:4	!abbr:96
177934	タコベル	Taco Bell	タコ	Taco	abbr:1	!abbr:99	ベル	Bell	abbr:0	!abbr:100
178001	フリトレー	Frito Lay	フリト	Frito	abbr:2	!abbr:96	レー	Lay	abbr:4	!abbr:94
178128	セベルナヤゼムリャ	Severnaya Zemlya	セベルナヤ	Severnaya	abbr:0	!abbr:199	ゼムリャ	Zemlya	abbr:0	!abbr:199
178386	ニューリッチモンド	New Richmond	ニュー	New	abbr:0	!abbr:97	リッチモンド	Richmond	abbr:0	!abbr:97
178506	サンブナン	Saint Venant	サン	Saint	abbr:73	!abbr:227	ブナン	Venant	abbr:41	!abbr:259
178864	ラパス	La Paz	ラ	La	abbr:2	!abbr:96	パス	Paz	abbr:2	!abbr:96
178867	サンアンドレアス	San Andreas	サン	San	abbr:2	!abbr:197	アンドレアス	Andreas	abbr:4	!abbr:195
178935	アニパロ	animation parody	アニ	animation	abbr:98	!abbr:2	パロ	parody	abbr:97	!abbr:3
178939	アニュスデイ	Agnus Dei	アニュス	Agnus	abbr:2	!abbr:96	デイ	Dei	abbr:1	!abbr:97
178977	アブシンベル	Abu Simbel	アブ	Abu	abbr:5	!abbr:394	シンベル	Simbel	abbr:3	!abbr:396
180495	サンテチエンヌ	Saint Etienne	サンテ	Saint	abbr:8	!abbr:291	チエンヌ	Etienne	abbr:13	!abbr:286
180676	チノパン	chino pants	チノ	chino	abbr:2	!abbr:98	パン	pants	abbr:97	!abbr:3
180789	レゼコール	les ecole	レゼ	les	abbr:5	!abbr:195	コール	ecole	abbr:7	!abbr:193
180998	ポケミス	pocket mystery	ポケ	pocket	abbr:97	!abbr:2	ミス	mystery	abbr:97	!abbr:2
181911	レスポール	Les Paul	レス	Les	abbr:2	!abbr:98	ポール	Paul	abbr:1	!abbr:99
181953	エレアコ	electric acoustic	エレ	electric	abbr:100	!abbr:0	アコ	acoustic	abbr:100	!abbr:0
181997	ジージャン	jeans jumper	ジー	jeans	abbr:98	!abbr:0	ジャン	jumper	abbr:97	!abbr:1
182020	セフレ	sex friend	セ	sex	abbr:100	!abbr:0	フレ	friend	abbr:99	!abbr:1
182048	ノーパソ	note PC	ノー	note	abbr:90	!abbr:10	パソ	PC	abbr:98	!abbr:2
182466	フレイバーセイバー	Flavr Savr	フレイバー	Flavr	abbr:1	!abbr:97	セイバー	Savr	abbr:2	!abbr:96
182471	リフトバレー	Rift Valley	リフト	Rift	abbr:1	!abbr:99	バレー	Valley	abbr:1	!abbr:99
183025	インパネ	instrumental panel	イン	instrumental	abbr:100	!abbr:0	パネ	panel	abbr:94	!abbr:6
183260	ニューブランズウィック	New Brunswick	ニュー	New	abbr:1	!abbr:299	ブランズウィック	Brunswick	abbr:2	!abbr:298
183345	ハイユニ	Hi Uni	ハイ	Hi	abbr:7	!abbr:193	ユニ	Uni	abbr:11	!abbr:189
183414	コンパネ	control panel	コン	control	abbr:294	!abbr:4	パネ	panel	abbr:287	!abbr:11
183440	ドルガバ	Dolce Gabbana	ドル	Dolce	abbr:158	!abbr:40	ガバ	Gabbana	abbr:178	!abbr:20
183503	リクスタ	recruit staffing	リク	recruit	abbr:93	!abbr:5	スタ	staffing	abbr:96	!abbr:2
183544	サントノーレ	Saint Honore	サント	Saint	abbr:2	!abbr:97	ノーレ	Honore	abbr:5	!abbr:94
183558	オルボワール	Au revoir	オ	Au	abbr:1	!abbr:99	ルボワール	revoir	abbr:0	!abbr:100
183602	スタートアップ	start up	スタート	start	abbr:0	!abbr:99	アップ	up	abbr:0	!abbr:99
183712	ニューラナーク	New Lanark	ニュー	New	abbr:1	!abbr:198	ラナーク	Lanark	abbr:1	!abbr:198
183828	エキパイ	exhaust pipe	エキ	exhaust	abbr:94	!abbr:4	パイ	pipe	abbr:50	!abbr:48
183876	フォリフォリ	Folli Follie	フォリ	Folli	abbr:0	!abbr:100	フォリ	Follie	abbr:2	!abbr:98
183898	ツアコン	tour conductor	ツア	tour	abbr:50	!abbr:50	コン	conductor	abbr:99	!abbr:1
184061	マウントホエールバック	Mount Whaleback	マウント	Mount	abbr:4	!abbr:295	ホエールバック	Whaleback	abbr:1	!abbr:298
184098	アリススプリングス	Alice Springs	アリス	Alice	abbr:1	!abbr:99	スプリングス	Springs	abbr:1	!abbr:99
184322	グレートアーテジアン	Great Artesian	グレート	Great	abbr:0	!abbr:200	アーテジアン	Artesian	abbr:2	!abbr:198
184357	フィレオ	filet o	フィレ	filet	abbr:18	!abbr:82	オ	o	abbr:5	!abbr:95
184366	サマソニ	summer sonic	サマ	summer	abbr:89	!abbr:11	ソニ	sonic	abbr:98	!abbr:2
184372	グラボ	graphics board	グラ	graphics	abbr:96	!abbr:4	ボ	board	abbr:99	!abbr:1
184472	チンスポ	chin spoiler	チン	chin	abbr:6	!abbr:92	スポ	spoiler	abbr:95	!abbr:3
184493	オナホール	onanie hole	オナ	onanie	abbr:193	!abbr:7	ホール	hole	abbr:2	!abbr:198
184656	グレートディバイディング	Great Dividing	グレート	Great	abbr:0	!abbr:100	ディバイディング	Dividing	abbr:2	!abbr:98
185196	プティタミ	petit ami	プティ	petit	abbr:8	!abbr:92	タミ	ami	abbr:7	!abbr:93
185337	パソ	Ba so	パ	Ba	abbr:23	!abbr:574	ソ	so	abbr:19	!abbr:578
185703	コムサ	comme ca	コム	comme	abbr:6	!abbr:192	サ	ca	abbr:5	!abbr:193
185751	スケブ	sketch book	スケ	sketch	abbr:98	!abbr:2	ブ	book	abbr:100	!abbr:0
185825	グレートプレーンズ	Great Plains	グレート	Great	abbr:1	!abbr:96	プレーンズ	Plains	abbr:0	!abbr:97
186008	ウータン	Wu Tang	ウー	Wu	abbr:1	!abbr:99	タン	Tang	abbr:7	!abbr:93
186260	バンホーテン	Van Houten	バン	Van	abbr:1	!abbr:198	ホーテン	Houten	abbr:1	!abbr:198
186774	バレーフォージ	Valley Forge	バレー	Valley	abbr:1	!abbr:99	フォージ	Forge	abbr:1	!abbr:99
186863	デプレ	Des Prez	デ	Des	abbr:69	!abbr:231	プレ	Prez	abbr:64	!abbr:236
186926	フォギーボトム	Foggy Bottom	フォギー	Foggy	abbr:4	!abbr:294	ボトム	Bottom	abbr:3	!abbr:295
186972	マスコン	Master controller	マス	Master	abbr:393	!abbr:2	コン	controller	abbr:395	!abbr:0
187057	ソニプラ	Sony plaza	ソニ	Sony	abbr:81	!abbr:19	プラ	plaza	abbr:100	!abbr:0
187640	ゲッチュ	get you	ゲッ	get	abbr:45	!abbr:55	チュ	you	abbr:39	!abbr:61
187779	レトロゲー	retro game	レトロ	retro	abbr:4	!abbr:94	ゲー	game	abbr:97	!abbr:1
189822	ブキットバドゥン	Bukit Badung	ブキット	Bukit	abbr:0	!abbr:99	バドゥン	Badung	abbr:1	!abbr:98
190542	ネズパース	Nez Perce	ネズ	Nez	abbr:10	!abbr:390	パース	Perce	abbr:4	!abbr:396
190737	アルフッラ	Al Hurra	アル	Al	abbr:0	!abbr:100	フッラ	Hurra	abbr:0	!abbr:100
191220	プリカ	prepaid card	プリ	prepaid	abbr:100	!abbr:0	カ	card	abbr:95	!abbr:5
191386	アルタグラシア	Alta Gracia	アルタ	Alta	abbr:0	!abbr:98	グラシア	Gracia	abbr:0	!abbr:98
191449	ニューベッドフォード	New Bedford	ニュー	New	abbr:0	!abbr:100	ベッドフォード	Bedford	abbr:0	!abbr:100
191576	トゥールコック	Toul Kork	トゥール	Toul	abbr:1	!abbr:199	コック	Kork	abbr:0	!abbr:200
192105	ゼチェプラジニ	Zece Prajini	ゼチェ	Zece	abbr:2	!abbr:196	プラジニ	Prajini	abbr:2	!abbr:196
192988	ミナスジェライス	Minas Gerais	ミナス	Minas	abbr:2	!abbr:98	ジェライス	Gerais	abbr:3	!abbr:97
193240	サンジミニャーノ	San Gimignano	サン	San	abbr:0	!abbr:299	ジミニャーノ	Gimignano	abbr:5	!abbr:294
193868	キパワー	Qi power	キ	Qi	abbr:2	!abbr:97	パワー	power	abbr:0	!abbr:99
193925	バイオレメ	bio remediation	バイオ	bio	abbr:3	!abbr:97	レメ	remediation	abbr:94	!abbr:6
194971	カトルブラ	Quatre Bras	カトル	Quatre	abbr:8	!abbr:190	ブラ	Bras	abbr:70	!abbr:128
195682	サンファニーコ	San Juanico	サン	San	abbr:1	!abbr:99	ファニーコ	Juanico	abbr:2	!abbr:98
195891	グロスモーン	Gros Morne	グロス	Gros	abbr:0	!abbr:99	モーン	Morne	abbr:1	!abbr:98
196073	サンイグナシオ	San Ignacio	サン	San	abbr:1	!abbr:297	イグナシオ	Ignacio	abbr:3	!abbr:295
196133	ルアンパバーン	Luang Phabang	ルアン	Luang	abbr:2	!abbr:97	パバーン	Phabang	abbr:2	!abbr:97
196241	マスプロ	mass production	マス	mass	abbr:21	!abbr:477	プロ	production	abbr:491	!abbr:7
196481	ノーブラ	no brassiere	ノー	no	abbr:2	!abbr:98	ブラ	brassiere	abbr:99	!abbr:1
196490	アメラグ	American rugby	アメ	American	abbr:98	!abbr:1	ラグ	rugby	abbr:96	!abbr:3
198975	チョーオユー	Cho Oyu	チョー	Cho	abbr:3	!abbr:197	オユー	Oyu	abbr:3	!abbr:197
199441	ツクラカン	Tsug lagkhang	ツク	Tsug	abbr:8	!abbr:188	ラカン	lagkhang	abbr:20	!abbr:176
199465	カラフイ	Ka Lahui	カ	Ka	abbr:1	!abbr:99	ラフイ	Lahui	abbr:1	!abbr:99
199490	チョボ	jo bo	チョ	jo	abbr:1	!abbr:99	ボ	bo	abbr:1	!abbr:99
199578	アインダラー	Ain Dara	アイン	Ain	abbr:1	!abbr:99	ダラー	Dara	abbr:1	!abbr:99
199727	ザンクトペルテン	Sankt Polten	ザンクト	Sankt	abbr:1	!abbr:99	ペルテン	Polten	abbr:1	!abbr:99
200024	ナムトク	Nam Tok	ナム	Nam	abbr:2	!abbr:98	トク	Tok	abbr:3	!abbr:97
200057	ラスクルーセス	Las Cruces	ラス	Las	abbr:5	!abbr:194	クルーセス	Cruces	abbr:2	!abbr:197
200453	ヌエボラレド	Nuevo Laredo	ヌエボ	Nuevo	abbr:0	!abbr:100	ラレド	Laredo	abbr:0	!abbr:100
200559	ホンクアン	Hong Quang	ホン	Hong	abbr:2	!abbr:98	クアン	Quang	abbr:0	!abbr:100
200735	ワンピ	one piece	ワン	one	abbr:6	!abbr:191	ピ	piece	abbr:196	!abbr:1
201501	アカペラ	a cappella	ア	a	abbr:0	!abbr:100	カペラ	cappella	abbr:2	!abbr:98
201623	ソンフォン	Song Fuong	ソン	Song	abbr:37	!abbr:63	フォン	Fuong	abbr:24	!abbr:76
201876	コーハウス	cooperative house	コー	cooperative	abbr:99	!abbr:1	ハウス	house	abbr:1	!abbr:99
202336	テルクダラム	Teluk Dalam	テルク	Teluk	abbr:2	!abbr:197	ダラム	Dalam	abbr:4	!abbr:195
202866	ノーススロープ	North Slope	ノース	North	abbr:1	!abbr:99	スロープ	Slope	abbr:1	!abbr:99
202871	ウワウルシ	uva ursi	ウワ	uva	abbr:1	!abbr:98	ウルシ	ursi	abbr:0	!abbr:99
203103	バッカスドルフ	bacchus dorf	バッカス	bacchus	abbr:0	!abbr:100	ドルフ	dorf	abbr:1	!abbr:99
203132	ミニサテ	mini satellite	ミニ	mini	abbr:4	!abbr:196	サテ	satellite	abbr:190	!abbr:10
203157	シンロック	synthetic rock	シン	synthetic	abbr:99	!abbr:1	ロック	rock	abbr:2	!abbr:98
203594	アクス	aq su	アク	aq	abbr:3	!abbr:95	ス	su	abbr:3	!abbr:95
203608	ヘリテレ	heli tele	ヘリ	heli	abbr:6	!abbr:94	テレ	tele	abbr:6	!abbr:94
204415	リレバン	relationship banking	リレ	relationship	abbr:98	!abbr:2	バン	banking	abbr:98	!abbr:2
204640	エルチチョン	El chichon	エル	El	abbr:2	!abbr:198	チチョン	chichon	abbr:1	!abbr:199
206014	フォートデトリック	Fort Detrick	フォート	Fort	abbr:2	!abbr:96	デトリック	Detrick	abbr:1	!abbr:97
206619	モンベル	mont bell	モン	mont	abbr:25	!abbr:75	ベル	bell	abbr:1	!abbr:99
207330	アイドルアナ	idle announcer	アイドル	idle	abbr:0	!abbr:100	アナ	announcer	abbr:99	!abbr:1
208367	オトパ	auto pilot	オト	auto	abbr:76	!abbr:24	パ	pilot	abbr:97	!abbr:3
208618	バーデンバーデン	Baden Baden	バーデン	Baden	abbr:1	!abbr:298	バーデン	Baden	abbr:0	!abbr:299
208894	メントレ	mental training	メン	mental	abbr:97	!abbr:1	トレ	training	abbr:97	!abbr:1
209602	モードラ	motor drive	モー	motor	abbr:98	!abbr:1	ドラ	drive	abbr:96	!abbr:3
209802	サビルロウ	Savile Row	サビル	Savile	abbr:0	!abbr:99	ロウ	Row	abbr:0	!abbr:99
210555	ツーカー	TU KA	ツー	TU	abbr:0	!abbr:199	カー	KA	abbr:0	!abbr:199
211933	サンベラン	Saint Verand	サン	Saint	abbr:48	!abbr:149	ベラン	Verand	abbr:36	!abbr:161
212030	バモー	Ba Maw	バ	Ba	abbr:1	!abbr:198	モー	Maw	abbr:4	!abbr:195
212258	モンスニ	Mont Cenis	モン	Mont	abbr:23	!abbr:77	スニ	Cenis	abbr:29	!abbr:71
215090	ウィングドフット	winged foot	ウィングド	winged	abbr:2	!abbr:196	フット	foot	abbr:1	!abbr:197
215745	ビラノーバ	vila nova	ビラ	vila	abbr:4	!abbr:294	ノーバ	nova	abbr:5	!abbr:293
215759	バルミツバ	bar mitzvah	バル	bar	abbr:1	!abbr:97	ミツバ	mitzvah	abbr:1	!abbr:97
216154	マウントバーノン	mount vernon	マウント	mount	abbr:1	!abbr:99	バーノン	vernon	abbr:1	!abbr:99
216432	マザフィグ	mother fixation	マザ	mother	abbr:74	!abbr:26	フィグ	fixation	abbr:94	!abbr:6
216791	スカパフロー	Scapa Flow	スカパ	Scapa	abbr:3	!abbr:97	フロー	Flow	abbr:1	!abbr:99
217470	アルアラビーヤ	al Arabiya	アル	al	abbr:6	!abbr:94	アラビーヤ	Arabiya	abbr:3	!abbr:97
218599	アルトパラナ	Alto Parana	アルト	Alto	abbr:0	!abbr:100	パラナ	Parana	abbr:1	!abbr:99
219122	ゴールダーズグリーン	Golders Green	ゴールダーズ	Golders	abbr:1	!abbr:195	グリーン	Green	abbr:2	!abbr:194
219168	サーキュラーキー	circular quay	サーキュラー	circular	abbr:1	!abbr:99	キー	quay	abbr:4	!abbr:96
219451	アッサウラ	Al Zawra	アッ	Al	abbr:20	!abbr:179	サウラ	Zawra	abbr:1	!abbr:198
219507	アルアハラム	al Ahram	アル	al	abbr:2	!abbr:198	アハラム	Ahram	abbr:3	!abbr:197
219710	プエルトモント	Puerto Montt	プエルト	Puerto	abbr:0	!abbr:99	モント	Montt	abbr:0	!abbr:99
219925	ベレスブランコ	Velez Blanco	ベレス	Velez	abbr:1	!abbr:199	ブランコ	Blanco	abbr:0	!abbr:200
220028	マートンアビー	Merton Abbey	マートン	Merton	abbr:0	!abbr:99	アビー	Abbey	abbr:0	!abbr:99
220939	リゾカジ	resort casino	リゾ	resort	abbr:100	!abbr:0	カジ	casino	abbr:99	!abbr:1
220952	アルアウサト	al Awsat	アル	al	abbr:2	!abbr:197	アウサト	Awsat	abbr:0	!abbr:199
220955	アッシャルク	al Sharq	アッ	al	abbr:7	!abbr:93	シャルク	Sharq	abbr:3	!abbr:97
221174	レプティスマグナ	Leptis Magna	レプティス	Leptis	abbr:1	!abbr:99	マグナ	Magna	abbr:0	!abbr:100
221208	トラボラ	Tora Bora	トラ	Tora	abbr:5	!abbr:292	ボラ	Bora	abbr:6	!abbr:291
221258	ロックスプリングズ	Rock Springs	ロック	Rock	abbr:1	!abbr:99	スプリングズ	Springs	abbr:0	!abbr:100
221493	アポステリオリ	a posteriori	ア	a	abbr:2	!abbr:98	ポステリオリ	posteriori	abbr:2	!abbr:98
222143	ニューヘブリデス	New Hebrides	ニュー	New	abbr:2	!abbr:295	ヘブリデス	Hebrides	abbr:4	!abbr:293
222210	アラモアナ	Ala Moana	アラ	Ala	abbr:1	!abbr:199	モアナ	Moana	abbr:1	!abbr:199
222227	ビュットショーモン	Buttes Chaumont	ビュット	Buttes	abbr:3	!abbr:97	ショーモン	Chaumont	abbr:5	!abbr:95
222280	ファザコン	father complex	ファザ	father	abbr:85	!abbr:15	コン	complex	abbr:99	!abbr:1
222476	ドゥクフォー	Duc Pho	ドゥク	Duc	abbr:1	!abbr:99	フォー	Pho	abbr:2	!abbr:98
222568	ウドンタニ	Udon Thani	ウドン	Udon	abbr:2	!abbr:295	タニ	Thani	abbr:6	!abbr:291
222571	サンファル	Saint Phalle	サン	Saint	abbr:22	!abbr:78	ファル	Phalle	abbr:1	!abbr:99
222581	コンタブネサン	Comtat Venaissin	コンタ	Comtat	abbr:29	!abbr:170	ブネサン	Venaissin	abbr:5	!abbr:194
222776	プエルトバジャルタ	Puerto Vallarta	プエルト	Puerto	abbr:0	!abbr:98	バジャルタ	Vallarta	abbr:0	!abbr:98
222777	プエルトラピセ	Puerto Lapice	プエルト	Puerto	abbr:1	!abbr:99	ラピセ	Lapice	abbr:2	!abbr:98
222875	ポートスタンレー	Port Stanley	ポート	Port	abbr:0	!abbr:100	スタンレー	Stanley	abbr:0	!abbr:100
222876	ポートピリー	Port Pirie	ポート	Port	abbr:3	!abbr:196	ピリー	Pirie	abbr:2	!abbr:197
223381	グランダッド	grand dad	グラン	grand	abbr:37	!abbr:63	ダッド	dad	abbr:1	!abbr:99
223408	オーロプレト	Ouro Preto	オーロ	Ouro	abbr:0	!abbr:99	プレト	Preto	abbr:0	!abbr:99
224003	アグアアマルガ	Agua Amarga	アグア	Agua	abbr:0	!abbr:100	アマルガ	Amarga	abbr:0	!abbr:100
224520	ザーラム	Gia Lam	ザー	Gia	abbr:2	!abbr:98	ラム	Lam	abbr:1	!abbr:99
224542	チャランカノア	Chalan Kanoa	チャラン	Chalan	abbr:2	!abbr:98	カノア	Kanoa	abbr:2	!abbr:98
224785	シャノワール	chat noir	シャ	chat	abbr:26	!abbr:73	ノワール	noir	abbr:2	!abbr:97
224793	ジャママプン	Jama Mapun	ジャマ	Jama	abbr:7	!abbr:391	マプン	Mapun	abbr:3	!abbr:395
225011	ナンパヤ	Nang Phya	ナン	Nang	abbr:14	!abbr:286	パヤ	Phya	abbr:8	!abbr:292
228100	バイタミックス	Vita Mix	バイタ	Vita	abbr:7	!abbr:93	ミックス	Mix	abbr:2	!abbr:98
228430	ディエゴガルシア	Diego Garcia	ディエゴ	Diego	abbr:1	!abbr:98	ガルシア	Garcia	abbr:1	!abbr:98
228559	ケープケネディ	Cape Kennedy	ケープ	Cape	abbr:0	!abbr:100	ケネディ	Kennedy	abbr:0	!abbr:100
228993	サブコン	sub control	サブ	sub	abbr:4	!abbr:196	コン	control	abbr:195	!abbr:5
229040	サンドマング	Saint Domingue	サン	Saint	abbr:58	!abbr:142	ドマング	Domingue	abbr:5	!abbr:195
229082	ホアヒン	Hua Hin	ホア	Hua	abbr:1	!abbr:99	ヒン	Hin	abbr:0	!abbr:100
229374	トロンプルイユ	trompe loeil	トロンプ	trompe	abbr:1	!abbr:99	ルイユ	loeil	abbr:1	!abbr:99
229520	フルコン	full computer	フル	full	abbr:2	!abbr:96	コン	computer	abbr:97	!abbr:1
229527	エアサス	air suspension	エア	air	abbr:9	!abbr:89	サス	suspension	abbr:98	!abbr:0
230056	テックスメックス	tex mex	テックス	tex	abbr:2	!abbr:297	メックス	mex	abbr:2	!abbr:297
230204	ハイコンプ	high compression	ハイ	high	abbr:2	!abbr:98	コンプ	compression	abbr:98	!abbr:2
231844	ブラコン	brother complex	ブラ	brother	abbr:197	!abbr:0	コン	complex	abbr:197	!abbr:0
232796	マアーリフ	Ma arif	マ	Ma	abbr:4	!abbr:194	アーリフ	arif	abbr:5	!abbr:193
233787	ムアッラカ	Mu allaqa	ム	Mu	abbr:3	!abbr:196	アッラカ	allaqa	abbr:2	!abbr:197
233842	グルイン	group interview	グル	group	abbr:98	!abbr:2	イン	interview	abbr:99	!abbr:1
234017	スペアナ	spectrum analyzer	スペ	spectrum	abbr:99	!abbr:1	アナ	analyzer	abbr:98	!abbr:2
234331	アーバーロー	Arbor Low	アーバー	Arbor	abbr:2	!abbr:98	ロー	Low	abbr:1	!abbr:99
234960	ワディラム	Wadi Rum	ワディ	Wadi	abbr:3	!abbr:196	ラム	Rum	abbr:1	!abbr:198
235215	マテハン	material handlig	マテ	material	abbr:194	!abbr:6	ハン	handlig	abbr:194	!abbr:6
235374	マテメソ	materials methods	マテ	materials	abbr:92	!abbr:8	メソ	methods	abbr:92	!abbr:8
237364	スイートピー	sweet pea	スイート	sweet	abbr:0	!abbr:100	ピー	pea	abbr:2	!abbr:98
237794	トレカ	trading card	トレ	trading	abbr:97	!abbr:3	カ	card	abbr:97	!abbr:3
238227	セルタン	self tanning	セル	self	abbr:91	!abbr:9	タン	tanning	abbr:95	!abbr:5
238458	グータン	gout temps	グー	gout	abbr:49	!abbr:149	タン	temps	abbr:81	!abbr:117
238488	ポンポネット	pom ponette	ポン	pom	abbr:2	!abbr:198	ポネット	ponette	abbr:1	!abbr:199
239453	ピュリニーモンラッシェ	Puligny Montrachet	ピュリニー	Puligny	abbr:1	!abbr:99	モンラッシェ	Montrachet	abbr:1	!abbr:99
240486	マケスピ	market speed	マケ	market	abbr:100	!abbr:0	スピ	speed	abbr:100	!abbr:0
240876	ポケコン	pocket computer	ポケ	pocket	abbr:99	!abbr:0	コン	computer	abbr:99	!abbr:0
241183	クトナーホラ	Kutna Hora	クトナー	Kutna	abbr:1	!abbr:96	ホラ	Hora	abbr:2	!abbr:95
242212	レイバン	Ray Ban	レイ	Ray	abbr:3	!abbr:197	バン	Ban	abbr:1	!abbr:199
242294	カラバリ	color variation	カラ	color	abbr:77	!abbr:23	バリ	variation	abbr:98	!abbr:2
242386	シャサーニュモンラッシェ	Chassagne Montrachet	シャサーニュ	Chassagne	abbr:0	!abbr:98	モンラッシェ	Montrachet	abbr:1	!abbr:97
243577	ノーコン	no control	ノー	no	abbr:2	!abbr:198	コン	control	abbr:198	!abbr:2
243921	デルレイビーチ	Delray Beach	デルレイ	Delray	abbr:3	!abbr:295	ビーチ	Beach	abbr:1	!abbr:297
244754	クイウイ	cui ui	クイ	cui	abbr:2	!abbr:97	ウイ	ui	abbr:2	!abbr:97
244946	ティックボーン	tick borne	ティック	tick	abbr:2	!abbr:98	ボーン	borne	abbr:1	!abbr:99
244979	バーフェン	over fender	バー	over	abbr:89	!abbr:8	フェン	fender	abbr:89	!abbr:8
245434	ドンナイ	Dong Nai	ドン	Dong	abbr:6	!abbr:94	ナイ	Nai	abbr:2	!abbr:98
245982	デジアナ	digital analog	デジ	digital	abbr:96	!abbr:1	アナ	analog	abbr:96	!abbr:1
245984	アナアナ	analog analog	アナ	analog	abbr:92	!abbr:8	アナ	analog	abbr:94	!abbr:6
247616	フォートウェイン	fort Wayne	フォート	fort	abbr:2	!abbr:98	ウェイン	Wayne	abbr:1	!abbr:99
248662	セルフアドヒーシブ	self adhesive	セルフ	self	abbr:0	!abbr:100	アドヒーシブ	adhesive	abbr:0	!abbr:100
249733	ラリベルタッド	La libertad	ラ	La	abbr:0	!abbr:100	リベルタッド	libertad	abbr:0	!abbr:100
251574	グアウグアウ	guagu guau	グアウ	guagu	abbr:15	!abbr:282	グアウ	guau	abbr:4	!abbr:293
251705	パラメトキシベンジル	p methoxybenzyl	パラ	p	abbr:15	!abbr:85	メトキシベンジル	methoxybenzyl	abbr:2	!abbr:98
251956	ブルーベインド	blue veined	ブルー	blue	abbr:1	!abbr:98	ベインド	veined	abbr:2	!abbr:97
253646	パラトルエンスルホナート	p toluenesulfonate	パラ	p	abbr:66	!abbr:332	トルエンスルホナート	toluenesulfonate	abbr:9	!abbr:389
253656	トレスプンタス	Tres Puntas	トレス	Tres	abbr:1	!abbr:293	プンタス	Puntas	abbr:1	!abbr:293
254086	プンタコロナ	Punta Corona	プンタ	Punta	abbr:0	!abbr:100	コロナ	Corona	abbr:0	!abbr:100
254181	メグオームキロメートル	megohm km	メグオーム	megohm	abbr:0	!abbr:100	キロメートル	km	abbr:9	!abbr:91
254588	ネトサ	net surfing	ネト	net	abbr:63	!abbr:37	サ	surfing	abbr:98	!abbr:2
254613	オルトクロロメルクリフェノール	o chloromercuriphenol	オ	o	abbr:14	!abbr:186	ルトクロロメルクリフェノール	chloromercuriphenol	abbr:15	!abbr:185
255283	トンキロ	ton kilometer	トン	ton	abbr:1	!abbr:97	キロ	kilometer	abbr:95	!abbr:3
256444	チャリングクロス	Charing Cross	チャリング	Charing	abbr:1	!abbr:98	クロス	Cross	abbr:0	!abbr:99
257545	リトルロック	Little Rock	リトル	Little	abbr:1	!abbr:99	ロック	Rock	abbr:0	!abbr:100
257925	シスコン	sister complex	シス	sister	abbr:98	!abbr:2	コン	complex	abbr:100	!abbr:0
259399	ルペン	Le Pen	ル	Le	abbr:2	!abbr:96	ペン	Pen	abbr:2	!abbr:96
259632	ケアマネ	care manager	ケア	care	abbr:2	!abbr:97	マネ	manager	abbr:97	!abbr:2
259675	ムアンシン	Muang Xin	ムアン	Muang	abbr:4	!abbr:96	シン	Xin	abbr:1	!abbr:99
260178	ラロシェル	La Rochelle	ラ	La	abbr:3	!abbr:295	ロシェル	Rochelle	abbr:2	!abbr:296
261193	クロマルシリー	Cros Marcilly	クロ	Cros	abbr:39	!abbr:59	マルシリー	Marcilly	abbr:1	!abbr:97
261385	サンバーナディーノ	San Bernardino	サン	San	abbr:5	!abbr:192	バーナディーノ	Bernardino	abbr:1	!abbr:196
262028	バロッサバレー	Barossa Valley	バロッサ	Barossa	abbr:5	!abbr:95	バレー	Valley	abbr:2	!abbr:98
262610	ドクハラ	doctor harassment	ドク	doctor	abbr:99	!abbr:1	ハラ	harassment	abbr:99	!abbr:1
262965	メラピーク	Mera Peak	メラ	Mera	abbr:7	!abbr:293	ピーク	Peak	abbr:1	!abbr:299
263097	モンテローザ	Monte Rosa	モンテ	Monte	abbr:0	!abbr:98	ローザ	Rosa	abbr:0	!abbr:98
263443	リトルダンモウ	Little Dunmow	リトル	Little	abbr:1	!abbr:199	ダンモウ	Dunmow	abbr:3	!abbr:197
263450	レクルー	Les Cloux	レ	Les	abbr:19	!abbr:78	クルー	Cloux	abbr:8	!abbr:89
263939	ルンバントビン	Lumban Tobing	ルンバン	Lumban	abbr:0	!abbr:100	トビン	Tobing	abbr:3	!abbr:97
263981	ラホヤ	La Jolla	ラ	La	abbr:1	!abbr:199	ホヤ	Jolla	abbr:6	!abbr:194
264113	ホンガイ	Hon Gai	ホン	Hon	abbr:2	!abbr:98	ガイ	Gai	abbr:2	!abbr:98
264166	レスカ	lemon squash	レ	lemon	abbr:495	!abbr:4	スカ	squash	abbr:491	!abbr:8
264414	サクレクール	sacre coeur	サクレ	sacre	abbr:1	!abbr:99	クール	coeur	abbr:0	!abbr:100
264796	ミンハ	Minh ha	ミン	Minh	abbr:1	!abbr:99	ハ	ha	abbr:1	!abbr:99
264852	ハイウィコム	High Wycombe	ハイ	High	abbr:4	!abbr:196	ウィコム	Wycombe	abbr:28	!abbr:172
264976	レポマン	repossess man	レポ	repossess	abbr:98	!abbr:2	マン	man	abbr:1	!abbr:99
265416	サンタクルーズ	Santa Cruz	サンタ	Santa	abbr:1	!abbr:96	クルーズ	Cruz	abbr:0	!abbr:97
266286	ユージーランド	You zealand	ユー	You	abbr:1	!abbr:99	ジーランド	zealand	abbr:0	!abbr:100
266570	カンピーリアマリッティマ	Campiglia Marittima	カンピーリア	Campiglia	abbr:1	!abbr:98	マリッティマ	Marittima	abbr:0	!abbr:99
266682	インディアンウェルズ	Indian Wells	インディアン	Indian	abbr:1	!abbr:99	ウェルズ	Wells	abbr:0	!abbr:100
267522	ウエ	Ou est	ウ	Ou	abbr:32	!abbr:167	エ	est	abbr:90	!abbr:109
268054	レズリス	Les Ulis	レズ	Les	abbr:7	!abbr:93	リス	Ulis	abbr:11	!abbr:89
272476	ウスチオルディンスキー	Ust Ordynskii	ウスチ	Ust	abbr:2	!abbr:97	オルディンスキー	Ordynskii	abbr:0	!abbr:99
272481	クアンチ	Quang tri	クアン	Quang	abbr:4	!abbr:95	チ	tri	abbr:17	!abbr:82
272595	カマウ	Ca Mau	カ	Ca	abbr:2	!abbr:97	マウ	Mau	abbr:1	!abbr:98
272869	パマル	pas mal	パ	pas	abbr:37	!abbr:63	マル	mal	abbr:3	!abbr:97
276302	ナイハーン	Nai Harn	ナイ	Nai	abbr:3	!abbr:97	ハーン	Harn	abbr:2	!abbr:98
276668	コンティキ	Kon Tiki	コン	Kon	abbr:3	!abbr:197	ティキ	Tiki	abbr:4	!abbr:196
276839	マウントアイザ	Mount Isa	マウント	Mount	abbr:1	!abbr:99	アイザ	Isa	abbr:2	!abbr:98
276931	ダブスタ	double standard	ダブ	double	abbr:283	!abbr:14	スタ	standard	abbr:296	!abbr:1
277671	バスドラ	bass drum	バス	bass	abbr:3	!abbr:97	ドラ	drum	abbr:89	!abbr:11
281318	オールペン	all paint	オール	all	abbr:0	!abbr:100	ペン	paint	abbr:87	!abbr:13
289570	ウンヤンエンベ	Unyan yembe	ウンヤン	Unyan	abbr:1	!abbr:99	エンベ	yembe	abbr:2	!abbr:98
302170	セルフサポート	self support	セルフ	self	abbr:6	!abbr:292	サポート	support	abbr:4	!abbr:294
311715	ハファダイ	Hafa Adai	ハファ	Hafa	abbr:4	!abbr:296	ダイ	Adai	abbr:48	!abbr:252
311849	ニューホランド	New Holland	ニュー	New	abbr:0	!abbr:100	ホランド	Holland	abbr:0	!abbr:100
312002	フォートリー	Fort Lee	フォート	Fort	abbr:2	!abbr:98	リー	Lee	abbr:1	!abbr:99
317220	タンジョンプリヨク	Tanjung Priok	タンジョン	Tanjung	abbr:0	!abbr:98	プリヨク	Priok	abbr:2	!abbr:96
323883	ジムニードフレツ	Zimniy Dvorets	ジムニー	Zimniy	abbr:0	!abbr:100	ドフレツ	Dvorets	abbr:0	!abbr:100
323931	アミルアルコール	amyl alcohol	アミル	amyl	abbr:3	!abbr:97	アルコール	alcohol	abbr:0	!abbr:100
324022	シエラマドレ	Sierra Madre	シエラ	Sierra	abbr:0	!abbr:98	マドレ	Madre	abbr:1	!abbr:97
324036	サンクルー	Saint Cloud	サン	Saint	abbr:30	!abbr:69	クルー	Cloud	abbr:28	!abbr:71
324143	サンジュアン	Sant Joan	サン	Sant	abbr:15	!abbr:85	ジュアン	Joan	abbr:0	!abbr:100
324165	サンシルベストロ	San Silvestro	サン	San	abbr:1	!abbr:99	シルベストロ	Silvestro	abbr:0	!abbr:100
324219	セントメアリーズ	Saint Marys	セント	Saint	abbr:7	!abbr:292	メアリーズ	Marys	abbr:3	!abbr:296
324864	サンミエル	Saint Mihiel	サン	Saint	abbr:31	!abbr:69	ミエル	Mihiel	abbr:4	!abbr:96
325840	グレアムランド	Graham Land	グレアム	Graham	abbr:0	!abbr:99	ランド	Land	abbr:0	!abbr:99
325961	クエ	Ku yeh	ク	Ku	abbr:1	!abbr:99	エ	yeh	abbr:6	!abbr:94
326367	ラヘイサント	Haye Saint	ラヘイ	Haye	abbr:3	!abbr:97	サント	Saint	abbr:1	!abbr:99
326368	ベルアリアンス	Belle Alliance	ベル	Belle	abbr:4	!abbr:296	アリアンス	Alliance	abbr:1	!abbr:299
326508	ラスビラス	Las Villas	ラス	Las	abbr:0	!abbr:100	ビラス	Villas	abbr:0	!abbr:100
327025	ブロークンヒル	Broken Hill	ブロークン	Broken	abbr:2	!abbr:198	ヒル	Hill	abbr:3	!abbr:197
327147	ウィルクスランド	Wilkes Land	ウィルクス	Wilkes	abbr:0	!abbr:100	ランド	Land	abbr:0	!abbr:100
327233	セントパンクラス	St Pancras	セント	St	abbr:4	!abbr:94	パンクラス	Pancras	abbr:0	!abbr:98
327254	モンブラン	Mont Blanc	モン	Mont	abbr:17	!abbr:80	ブラン	Blanc	abbr:8	!abbr:89
327261	メキシコシティ	Mexico City	メキシコ	Mexico	abbr:1	!abbr:99	シティ	City	abbr:1	!abbr:99
327757	ジャンヌダルク	Jeanne dArc	ジャンヌ	Jeanne	abbr:0	!abbr:198	ダルク	dArc	abbr:0	!abbr:198
327769	サンピエール	Saint Pierre	サン	Saint	abbr:70	!abbr:130	ピエール	Pierre	abbr:1	!abbr:199
327770	サンブラス	San Blas	サン	San	abbr:1	!abbr:97	ブラス	Blas	abbr:2	!abbr:96
329388	ファテープルシークリー	Fatehpur Sikri	ファテープル	Fatehpur	abbr:2	!abbr:96	シークリー	Sikri	abbr:0	!abbr:98
333820	ニューアイルランド	New Ireland	ニュー	New	abbr:0	!abbr:100	アイルランド	Ireland	abbr:0	!abbr:100
338060	オレ	au lait	オ	au	abbr:8	!abbr:92	レ	lait	abbr:31	!abbr:69
